{"cameraMode":{"drawMode":0,"name":"Shaded","section":"Shading Mode"},"sceneLighting":true,"audioPlay":false,"sceneViewState":{"showFog":true,"showMaterialUpdate":false,"showSkybox":true,"showFlares":true,"showImageEffects":true,"showParticleSystems":true},"in2DMode":false,"pivot":{"x":-22.028411865234376,"y":-19.30677032470703,"z":20.570087432861329},"rotation":{"x":-0.2838780879974365,"y":0.37166333198547366,"z":-0.12048999965190888,"w":-0.8756493926048279},"size":44.12406539916992,"orthographic":false}